0,Till I Collapse,Eminem,1
1,25 To Life,Eminem,1
2,A Century Ends,David Gray,1
3,ANIC,Sum 41,1
4,Rain Man,Eminem,1
5,Reason to Believe,Sum 41,1
6,Requiem,Lamb of God,1
7,Rid Of Me,Pj Harvey,1
8,Ride The Lightning,Metallica,1
9,Ridin',"Chamillionaire,sway",1
10,Rootless Tree,Damien Rice,1
11,Rush,Talib Kweli,1
12,Screaming For Vengeance,Judas Priest,1
13,Send It Up,"King Louie,Kanye West",1
14,Sermon,Drowning Pool,1
15,Shade Of Blue,Black Rebel Motorcycle Club,1
16,Shitlist,L7,1
17,Sick,Adelitas Way,1
18,Skinny Little Bitch,Hole,1
19,Skinnyman,Static-X,1
20,So Bad,Eminem,1
21,Somebody,Blue October,1
22,Something Told Me,Coal Chamber,1
23,Somewhat Damaged,Nine Inch Nails,1
24,South Of Heaven,Slayer,1
25,Sowing Season,Brand New,1
26,Space Bound,Eminem,1
27,Spaceship,Kanye West,1
28,Spade,Marilyn Manson,1
29,St. Anger,Metallica,1
30,Stan,Eminem,1
31,"Starfuckers, Inc.",Nine Inch Nails,1
32,Stationary Stationery,Anberlin,1
33,Stay Away,Nirvana,1
34,sum 41,skumfuk,1
35,Summer Cannibals,Patti Smith,1
36,Surviving The Times,Nas,1
37,Sweet Amber,Metallica,1
38,T H T,Sum 41,1
39,Tell That Mick He Just Made My List Of Things To Do Today,Fall Out Boy,1
40,Thanks For Nothing,Sum 41,1
41,The Angry Mob,Kaiser Chiefs,1
42,The Channel,Limp Bizkit,1
43,The Enemy (Album Version),Roadrunner United,1
44,The Four Horsemen,Metallica,1
45,The Key,Limp Bizkit,1
46,The Life And Death Of Mr. Badmouth,Pj Harvey,1
47,The Priest,Limp Bizkit,1
48,The Propaganda,Limp Bizkit,1
49,The Ripper,Judas Priest,1
50,The Story,Limp Bizkit,1
51,The Surrender,Limp Bizkit,1
52,The Unforgiven,Metallica,1
53,The Unnamed Feeling,Metallica,1
54,The Way I Am,Eminem,1
55,Time for You to Go,Sum 41,1
56,"tyler, the creator",yonkers,1
57,Underclass Hero,Sum 41,1
58,Use Your Fist And Not Your Mouth,Marilyn Manson,1
59,Violet,Hole,1
60,Want,Natalie Imbruglia,1
61,Want You Bad,The Offspring,1
62,Wargasm,L7,1
63,We'Re All To Blame,SUM 41,1
64,What Are You,David Gray,1
65,Wherever I May Roam,Metallica,1
66,Who Knew,Eminem,1
67,Who The Fuck_,Pj Harvey,1
68,With Teeth,Nine Inch Nails,1
69,You Could Be Mine,Guns N' Roses,1
70,You Know What You Are_,Nine Inch Nails,1
71,1(If Youre Wondering If I Want You To) I Want You To,Weezer,2
72,1234,Feist,2
73,5 Years Time,Noah And The Whale,2
74,93 Million Miles,Jason Mraz,2
75,A Name In This Town,Josh Thompson,2
76,Alfie,Lily Allen,2
77,All Star,Smash Mouth,2
78,All The Pretty Girls,Fun.,2
79,Amnesia,The Fabulous Thunderbirds,2
80,And Then You,Greg Laswell,2
81,Astronaut,Just Jack,2
82,Australia,"The,shins",2
83,Backyard,Good Lovelies,2
84,Barbie Girl,Aqua,2
85,Beautiful Girls,Sean Kingston,2
86,Beautiful Soul,Jesse Mccartney,2
87,Beauty In The World,Macy Gray,2
88,Best Day Of My Life,American Authors,2
89,Billionaire (Feat. Bruno Mars),Travie Mccoy,2
90,Billy Brown,MIKA,2
91,Bourgeois Shangri-La,miss li,2
92,Breakdown,Jack Johnson,2
93,Marry You,Bruno Mars,2
94,Me And You,Ringo Starr,2
95,Mean,Taylor Swift,2
96,Mine,Taylor Swift,2
97,Misery,Maroon 5,2
98,Mobile,Avril Lavigne,2
99,Modern Nature,Sondre Lerche,2
100,Move Your Feet,Junior Senior,2
101,Moves Like Jagger,Maroon 5,2
102,Mrs. T.,Good Lovelies,2
103,My Baby,Britney Spears,2
104,Never Know,Jack Johnson,2
105,No Escape From The Blues,Muddy Waters,2
106,On The Road To Ruin,The Notorious Cherry Bombs,2
107,On Top Of The World,Imagine Dragons,2
108,Otherside,Viva Brother,2
109,Pacific Coast Party,Smash Mouth,2
110,Party Til You Puke,Andrew W.K.,2
111,Pass Out,Tinie Tempah,2
112,Pencil Full Of Lead,Paolo Nutini,2
113,Plage,crystal fighters,2
114,Pleasant Valley Sunday,The Monkees,2
115,Please,Tristan Prettyman,2
116,Pocketful Of Sunshine,Natasha Bedingfield,2
117,Polythene Queen,miss li,2
118,Pumped up Kicks (Album Version),Foster The People,2
119,Roll On Down The Highway,Bachman-Turner Overdrive,2
120,Roll To Me,Del Amitri,2
121,Santa Baby,Taylor Swift,2
122,Satisfied,Ringo Starr,2
123,Saturday'S Child,The Monkees,2
124,Say Hey (I Love You),Michael Franti & Spearhead,2
125,Second Hand,Bachman-Turner Overdrive,2
126,Shades Of Gray,The Monkees,2
127,Shake Up Christmas 2011,Natasha Bedingfield,2
128,She,The Monkees,2
129,Shock Me Into Love,Lenka,2
130,Should'Ve Said No,Taylor Swift,2
131,Shy That Way,"Tristan Prettyman,Jason Mraz",2
132,Smoke,Tristan Prettyman,2
133,So Much Love,the rocket summer,2
134,Some Nights (Intro),Fun.,2
135,Somedays,Room Eleven,2
136,Something Good Can Work,Two Door Cinema Club,2
137,Sometime In The Morning,The Monkees,2
138,Songs Like This,Carrie Underwood,2
139,Stacy's Mom,Fountains of Wayne,2
140,Stay The Night,James Blunt,2
141,Stutter,Maroon 5,2
142,Summer Sunshine (Album Version),The Corrs,2
143,Sunshine,Matt Costa,2
144,Sunshine In The Rain,Bwo,2
145,Sweet Sixteen,Hilary Duff,2
146,Take A Giant Step,The Monkees,2
147,Take It Off,Andrew W.K.,2
148,The Airway,Owl City,2
149,The Day I Died,Just Jack,2
150,The Girl I Knew Somewhere,The Monkees,2
151,The Lazy Song,Bruno Mars,2
152,The Love That Harms,John Hiatt,2
153,The Saltwater Room,Owl City,2
154,The Show,Lenka,2
155,The Turnaround,Ringo Starr,2
156,To All The Girls,Aaron Carter,2
157,Tonight Tonight,Hot Chelle Rae,2
158,Top Of The World,Carpenters,2
159,Treacherous,Taylor Swift,2
160,True Love,The Fabulous Thunderbirds,2
161,Two Doors Down,Mark Burchfield,2
162,Up And Up,Relient K,2
163,Valleri,The Monkees,2
164,Wait A Minute,The Notorious Cherry Bombs,2
165,Wake Me Up Before You Go Go,Wham,2
166,Walking On Sunshine,Katrina And The Waves,2
167,Walking The Dog,Fun.,2
168,We Are Golden,MIKA,2
169,We Will Not Grow Old,Lenka,2
170,We're Going To Be Friends,The White Stripes,2
171,What Makes You Beautiful,One Direction,2
172,Whatever You Like (Single Version),Anya Marina,2
173,When I Go,Slow Club,2
174,"Whenever, Wherever",Shakira,2
175,Words,The Monkees,2
176,Year 3000,Jonas Brothers,2
177,(I'Ll Never Be) Your Maggie May,Suzanne Vega,3
178,1234,Feist,3
179,7 Days,Craig David,3
180,A Good Day (Morning Song),Priscilla Ahn,3
181,A Place Nearby,Lene Marlin,3
182,A Public Affair,Jessica Simpson,3
183,A Thousand Kisses Deep,Leonard Cohen,3
184,A Thousand Years,Christina Perri,3
185,Air Traffic,Owl City,3
186,All About Your Heart,Mindy Gledhill,3
187,All The Way,Craig David,3
188,Always Getting Over You,Angela Ammons,3
189,Amazing Grace,Olivia Ong,3
190,At Or With Me,Jack Johnson,3
191,Aubrey (Lp Version),Bread,3
192,Be Still,Kari Jobe,3
193,Because Trees Can Fly,Lampshade,3
194,Behind These Hazel Eyes,Kelly Clarkson,3
195,Better Than A Hallelujah,AMY GRANT,3
196,Better Together,Jack Johnson,3
197,Between Sheets,Imogen Heap,3
198,Blonde On Blonde,Nada Surf,3
199,Blue Skies,Lady & Bird,3
200,Boogie Street,Leonard Cohen,3
201,Boston,Augustana,3
202,Breathe,Telepopmusik,3
203,Breeze,Sophie Zelmani,3
204,But For Now,Jamie Cullum,3
205,By Our Love,Christy Nockels,3
206,Chapter Six,Kendrick Lamar,3
207,Please Sister,The Cardigans,3
208,Preparing To Leave,Lunik,3
209,Raise Your Voices,Secret Garden,3
210,Relief,Chris Garneau,3
211,return to me,october project,3
212,Right Next To The Right One,Tim Christensen,3
213,Sad News,Chris Garneau,3
214,Safe And Sound,Azure Ray,3
215,Save Me From Myself,Christina Aguilera,3
216,Say Hello,Rosie Thomas,3
217,Scarborough Fair,Sarah Brightman,3
218,Seven Days In Sunny June,Jamiroquai,3
219,Seven Years,Norah Jones,3
220,Seventeen,Keren Ann,3
221,Sextape,Deftones,3
222,She'S The One,Robbie Williams,3
223,Should It Matter,Sissel,3
224,Should You Return,Copeland,3
225,Silver Lining,Kacey Musgraves,3
226,Sleep With You,Egil Olsen,3
227,Small Hours,John Martyn,3
228,So Far,Chris Garneau,3
229,Somebody That I Used To Know,Gotye,3
230,Sometimes,Britney Spears,3
231,Speak Your Heart,Lizz Wright,3
232,Stay The Same,Joey Mcintyre,3
233,Stephanie Says,Lady & Bird,3
234,Street Map,Athlete,3
235,Sugarcane,Missy Higgins,3
236,Suicide Is Painless,Lady & Bird,3
237,Sunrise,Norah Jones,3
238,Swingset Chain,Loquat,3
239,Thank You,Dido,3
240,the corrs,rain,3
241,The Crime At Edmond Lake,Tamas Wells,3
242,The Hill,Marketa Irglova,3
243,The Long And Winding Road,Paul McCartney,3
244,The One You Love,Glenn Frey,3
245,The Parting Glass,The High Kings,3
246,The Sighting,A Fine Frenzy,3
247,The Veldt (Radio Edit),Deadmau5,3
248,The Water Is Wide,James Taylor,3
249,The Way You Look Tonight,Maroon 5,3
250,The World As I See It,Jason Mraz,3
251,Then Go [Live From Union Chapel],Damien Rice,3
252,they,Jem,3
253,Three Courses And An Open Canoe,Tamas Wells,3
254,To The Country,Laura Veirs And Saltbreakers,3
255,Tonight I Wanna Cry,Keith Urban,3
256,Too Serious Too Soon,Gareth Gates,3
257,Unchained Melody,Harry Belafonte,3
258,wait,Alexi Murdoch,3
259,Wanna Be Close,Avant,3
260,Wash Away,Matt Costa,3
261,We Exchanged Words,Azure Ray,3
262,What a Wonderful World,Stacey Kent,3
263,What Goes Around Comes Around,Justin Timberlake,3
264,When You Wish Upon A Star,Rosemary Clooney,3
265,Wild Is The Wind,Amel Larrieux,3
266,Windmills Of Your Mind,Sting,3
267,Worry About You,Ivy,3
268,You,chris young,3
269,You Are My Sunshine,Carly Simon,3
270,You Belong To Me,Carla Bruni,3
271,You Belong To Me,Jason Wade,3
272,You Took My Heart Away,Michael Learns To Rock,3
273,Like A Song,Lenka,4
274,Living To Love You,Sarah Connor,4
275,Lonely As You,Foo Fighters,4
276,Lonely Enough,Little Big Town,4
277,Lonely Girls,Lucinda Williams,4
278,Lonely Lullaby,Owl City,4
279,Look On Down From The Bridge,Mazzy Star,4
280,Lose You,Pete Yorn,4
281,Love The Way You Lie,"Eminem,Rihanna",4
282,Lullaby,The Cure,4
283,Mad World,Gary jules,4
284,Manhattan,Sara Bareilles,4
285,Marching Bands Of Manhattan,Death Cab For Cutie,4
286,Marry You,Bruno Mars,4
287,Maybe California,Tori Amos,4
288,me vs. maradona vs. elvis,Brand New,4
289,miserable at best,mayday parade,4
290,More Like Her,Miranda Lambert,4
291,my gift of silence,Blackfield,4
292,My Love,Lene Marlin,4
293,My Name Is Trouble,Keren Ann,4
294,Never Gonna Love Again,Lykke Li,4
295,Never Grow Up,Taylor Swift,4
296,Nicest Thing,Kate Nash,4
297,No Promises,Shayne Ward,4
298,No Tears,James Blunt,4
299,Not In Love,Enrique Iglesias,4
300,Nothing Compares,Pixie Lott,4
301,One Love,Blue,4
302,One More Chance,Will.i.am,4
303,One Time,Justin Bieber,4
304,Paper Ships (feat. the Silverl,Dead Man??s Bones,4
305,Parisienne Moonlight,Anathema,4
306,Philadelphia,NEIL YOUNG,4
307,Pink Rabbits,The National,4
308,"Please, Please, Please Let Me Get What I Want",The Smiths,4
309,Polly,Keren Ann,4
310,Red,Taylor Swift,4
311,Remember The Day,Animal Alpha,4
312,Restless,Alison Krauss & Union Station,4
313,Sad Eyes,Bat For Lashes,4
314,Say Goodbye,Katharine Mcphee,4
315,Seventeen,Keren Ann,4
316,Shadow,Britney Spears,4
317,Shape Of My Heart,Backstreet Boys,4
318,Shape Of My Heart,Sting,4
319,Shattered,trading yesterday,4
320,She Will Be Loved,Maroon 5,4
321,Shelter,Birdy,4
322,Silent Night,Taylor Swift,4
323,Skipalong,Lenka,4
324,Sometimes I Feel So Lonely,Primal Scream,4
325,Song To The Siren,John Frusciante,4
326,Stranger,Noah And The Whale,4
327,Stupid,Toni Braxton,4
328,Summertrain,Greyson Chance,4
329,Sunrise,Norah Jones,4
330,Take This Heart Of Mine,Marvin Gaye,4
331,Temptation,Moby,4
332,That Year,Brandi Carlile,4
333,The A Team,Ed Sheeran,4
334,The Blower'S Daughter,Damien Rice,4
335,The Chosen Pessimist,In Flames,4
336,The Day Before The Day,Dido,4
337,The Day You Went Away,M2M,4
338,The First Days Of Spring,Noah And The Whale,4
339,The Forgotten,Green Day,4
340,The Ketchup Song (Asereje),Cats Up,4
341,The Moment I Knew,Taylor Swift,4
342,The One That Got Away,Katy Perry,4
343,The Scientist,Coldplay,4
344,The World As I See It,Jason Mraz,4
345,The Worry List,Blue October,4
346,These Four Walls,Shawn Colvin,4
347,This New Heartache,Vince Gill,4
348,Time Enough For Tears (Borrowed Heaven_Album Version),The Corrs,4
349,Time To Carry On,Vince Gill,4
350,To Blossom Blue,Lake Of Tears,4
351,Twilight Innocence,Novembers Doom,4
352,U-Turn (Lili),Aaron,4
353,Undenied,Portishead,4
354,Unfold,The XX,4
355,Untouchable,Taylor Swift,4
356,Unwritten,Natasha Bedingfield,4
357,Vanilla Twilight,Owl City,4
358,What He Wrote,Laura Marling,4
359,What Sarah Said (Album Version),Death Cab For Cutie,4
360,Whataya Want From Me,Adam Lambert,4
361,When You'Re Gone,Avril Lavigne,4
362,Where Are You Now,Britney Spears,4
363,Whiskey Lullaby,"Alison Krauss,Brad Paisley",4
364,Wild World,Mr. Big,4
365,Wise Up,Aimee Mann,4
366,With Him,Babyface,4
367,You Give Me Something,James Morrison,4
368,You Know What,Craig David,4
369,You Stole,Brand New,4
370,You'Re Not Alone,Shayne Ward,4
371,Zombie,The Cranberries,4