1,All Messed Up,Sum 41,1
2,All Nightmare Long,Metallica,1
3,American Idiot (Album Version),Green Day,1
4,Angry Again,Megadeth,1
5,Annihilation By The Hands Of God (Album Version),Roadrunner United,1
6,Another Time Around,Sum 41,1
7,Awaken,Disturbed,1
8,Ballad Of Ira Hayes,Johnny Cash,1
9,Battery,Metallica,1
10,Before You Die,Bad Religion,1
11,Blood Red,Slayer,1
12,You Oughta Know,Alanis Morissette,1
13,Blood Roses,Tori Amos,1
14,Break Stuff,Limp Bizkit,1
15,Breaking The Law,Judas Priest,1
16,Breaking Your Own Heart,Kelly Clarkson,1
17,Burn In My Light,Mercy Drive,1
18,Cage The Beast,Adelitas Way,1
19,Civil War,Guns N' Roses,1
20,Cleanin Out My Closet,Eminem,1
21,Costume Makes The Clown,Shakira,1
22,Creeping Death,Metallica,1
23,Criminal,Eminem,1
24,Dark Side,Kelly Clarkson,1
25,Dead And Gone,T.I.,1
26,Dead Beat,A Place To Bury Strangers,1
27,Dear Father,Sum 41,1
28,Defy You,The Offspring,1
29,do what they say,Korn,1
30,Don'T Cry,Guns N' Roses,1
31,Dope Hat,Marilyn Manson,1
32,Eat You Alive,Limp Bizkit,1
33,eminem,no afraid,1
34,"Endless, Nameless",Nirvana,1
35,Enter Sandman,Metallica,1
36,Erased,Annie Lennox,1
37,ever be,Korn,1
38,Evolution,Korn,1
39,Exit,Longwave,1
40,Eyeless [Explicit],Slipknot,1
41,Fat Lip,SUM 41,1
42,Flat On The Floor,Nickelback,1
43,Fuel,Metallica,1
44,Get Me Gone,Fort Minor,1
45,Going Through Changes,Eminem,1
46,Gone,Kelly Clarkson,1
47,Gunpowder & Lead,Miranda Lambert,1
48,Handle This,SUM 41,1
49,Hardly Wait,Pj Harvey,1
50,Heresy,Nine Inch Nails,1
51,Hero of the Soviet Union,The Dillinger Escape Plan,1
52,Hide And Seek,Dannii Minogue,1
53,Hit The Lights,Metallica,1
54,Holiday (Album Version),Green Day,1
55,Hurt,Adelitas Way,1
56,I Ain'T Goin' Out Like That,Cypress Hill,1
57,I Am Hated (Album Version),161,1
58,I Hate Everything About You,Three Days Grace,1
59,I'M Back,Eminem,1
60,In My Darkest Hour,Megadeth,1
61,Jesus Christ Pose,Soundgarden,1
62,Jumpdafuckup (Album Version),Soulfly,1
63,Kill You,Eminem,1
64,kiss,Korn,1
65,Kiss Off,Violent Femmes,1
66,Lamb Of God,Marilyn Mans,1
67,Leper Messiah,Metallica,1
68,Let Me Down,Kelly Clarkson,1
69,Liberate,Disturbed,1
70,Like Toy Soldiers,Eminem,1
71,Limp Bizkit,The Truth,1
72,Little Smirk,Theory Of A Deadman,1
73,Lose Yourself,Eminem,1
74,Lunchbox,Marilyn Manson,1
75,Marshall Mathers,Eminem,1
76,Master Of Puppets,Metallica,1
77,Maybe,Kelly Clarkson,1
78,Motivation,SUM 41,1
79,Motorbreath,Metallica,1
80,Mr. Know It All,Kelly Clarkson,1
81,Music Box,Eminem,1
82,My Derailment,Adelitas Way,1
83,My Life Would Suck Without You,Kelly Clarkson,1
84,Never Again,Kelly Clarkson,1
85,Nookie,Limp Bizkit,1
86,Nothing Else Matters,Metallica,1
87,One Mic,Nas,1
88,Only,Nine Inch Nails,1
89,Orchids,Stone Sour,1
90,Paint It Black,Vanessa Carlton,1
91,Pancake,Tori Amos,1
92,Physical (You'Re So),Nine Inch Nails,1
93,Pick Up the Phone,Falling In Reverse,1
94,Picture To Burn,Taylor Swift,1
95,Pig,Sparklehorse,1
96,Playing Your Song,Hole,1
97,Pretend We'Re Dead,L7,1
98,Pretty Fly (For A White Guy),The Offspring,1
99,Pride,Manchester Orchestra,1
100,Anyone Of Us (Stupid Mistake),Gareth Gates,2
101,Around The World,Aqua,2
102,Bruises,Chairlift,2
103,Bubbly,Colbie Caillat,2
104,Captains And Cruise Ships,Owl City,2
105,Carried Away,Passion Pit,2
106,Cartoon Heroes,Aqua,2
107,Caskets,Damien Jurado,2
108,Catholic Pagans,surfer blood,2
109,Chloe (You're The One I Want),Emblem3,2
110,Choose Love,Ringo Starr,2
111,Come To My Window,Melissa Etheridge,2
112,Crashed The Wedding,Busted,2
113,Cuddly Toy,The Monkees,2
114,Cups,Anna Kendrick,2
115,Cute,David Steinberg,2
116,Dancing In The Moonlight,Toploader,2
117,Dannyboy,Youngblood Hawke,2
118,Daydream Believer,The Monkees,2
119,Daylight,Matt & Kim,2
120,Dementia,Owl City,2
121,Do Ya Thang,Rihanna,2
122,Doing Fine (Without You),Pixie Lott,2
123,Don't Leave Me (Ne Me Quitte Pas),regina spektor,2
124,Don'T Let The Man Get You Down,Fatboy Slim,2
125,Don'T Stop Me Now,Queen,2
126,Don'T Stop Movin',S Club 7,2
127,Dream Catch Me,Newton Faulkner,2
128,Electric Daydream,Viva Brother,2
129,End Of The Line,Traveling Wilburys,2
130,Every Little Thing,Good Lovelies,2
131,Everyday,Sausalito Foxtrot,2
132,Everything At Once,Lenka,2
133,Falling Up,John Hiatt,2
134,Fascination,Alphabeat,2
135,Favorite Song,Colbie Caillat,2
136,Fireflies,Owl City,2
137,Forget That Girl,The Monkees,2
138,Foundations,Kate Nash,2
139,Free,Good Lovelies,2
140,Fun.,All The Pretty Girls,2
141,Funny Little Frog,belle and sebastian,2
142,Get Lost,Patrick Wolf,2
143,Get Lucky,dragonette,2
144,Girl In Your Dreams,M2M,2
145,Glad You Came,The Wanted,2
146,Gold,Owl City,2
147,Good Day,Nappy Roots,2
148,Goodness Gracious,Ellie Goulding,2
149,Great Divide,Hanson,2
150,Happy,Natasha Bedingfield,2
151,Happy,Pharrell Williams,2
152,Heart Of A Jealous Man,The Notorious Cherry Bombs,2
153,Hello,Tristan Prettyman,2
154,Here Comes The Sun,The Beatles,2
155,Hey Julie,Fountains of Wayne,2
156,Hey Man (Now You'Re Really Living),Eels,2
157,Hey Scenesters!,The Cribs,2
158,"Hey, Soul Sister",Train,2
159,Holiday In My Head,Smash Mouth,2
160,Hot Air Balloon,Owl City,2
161,I Can See Clearly Now,Jimmy Cliff,2
162,I Could Be The One ( Lp Version ),Donna Lewis,2
163,I Feel It All,Feist,2
164,I Feel Like Going Home,Muddy Waters,2
165,I Love Nyc,Andrew W.K.,2
166,I'Ll Be Your Man,James Blunt,2
167,I'M A Believer,The Monkees,2
168,You Just May Be The One,The Monkees,2
169,I'm Yours,Jason Mraz,2
170,If I Ever Break Your Heart,The Notorious Cherry Bombs,2
171,In the summertime,Mungo jerry,2
172,It Gets Better,Fun.,2
173,It's a Beautiful Day,Michael Bubl??,2
174,It'S Amazing,Jem,2
175,It'S Not Over (Death Or The Toy Piano),The Puppini Sisters,2
176,Iyiyi (Feat. Flo Rida),Cody Simpson,2
177,Junk Of The Heart (Happy),The Kooks,2
178,King Of Anything,Sara Bareilles,2
179,Kiss Me Slowly,Parachute,2
180,L.I.F.E.G.O.E.S.O.N.,Noah And The Whale,2
181,La Isla Bonita,Madonna,2
182,Last Train To Clarksville,The Monkees,2
183,Ldn,Lily Allen,2
184,Lemonade,Chris Rice,2
185,Listen To The Band,The Monkees,2
186,Littlest Things,Lily Allen,2
187,Lollipop,Aqua,2
188,Lollipop,Mika,2
189,Look Out (Here Comes Tomorrow),The Monkees,2
190,Love Generation,Bob Sinclar,2
191,Love Love Love (Album Version),Tristan Prettyman,2
192,Love Will Keep Us Alive,Eagles,2
193,Love You Like A Love Song,Selena Gomez & The Scene,2
194,Lovefool,The Cardigans,2
195,Loving You Tonight,Andrew Allen,2
196,Lucky,"Colbie Caillat,Jason Mraz",2
197,Luna,Bombay Bicycle Club,2
198,Making Memories Of Us,The Notorious Cherry Bombs,2
199,Man! I Feel Like A Woman!,Shania Twain,2
200,03.45 _ No Sleep,The Cardigans,3
201,Cicadas & Gulls,Feist,3
202,Cold Water,Damien Rice,3
203,Coldest Winter,Matt Cab,3
204,Comes And Goes (In Waves),Greg Laswell,3
205,Communication,The Cardigans,3
206,Cry For Help,Rick Astley,3
207,Cry On My Shoulder,Bonnie Raitt,3
208,Dear Diary,Britney Spears,3
209,Dream,Priscilla Ahn,3
210,Dreaming My Dreams With You,Alison Krauss,3
211,End Of May,Keren Ann,3
212,Even Now,William Fitzsimmons,3
213,Explorers,Sky Sailing,3
214,Fall For Your Type,Jamie Foxx,3
215,Falling In Love At A Coffee Shop,Landon Pigg,3
216,Fireflies,Owl City,3
217,Forever Friends,?????,3
218,Free Life,Dan Wilson,3
219,Geek In The Pink,Jason Mraz,3
220,Give Me Life,Daniel Powter,3
221,Godspeed (Sweet Dreams),Dixie Chicks,3
222,Going Home,Sophie Zelmani,3
223,gold in the air of summer,Kings Of Convenience,3
224,Good Girl Gone Bad,Rihanna,3
225,Goodbye,Sophie Zelmani,3
226,Grace,Laura Story,3
227,grace is gone,Dave Matthews Band,3
228,Grafton Street,Dido,3
229,Hands On The Radio,Chris Garneau,3
230,Hard Believer,First Aid Kit,3
231,He Will Carry Me,Mark Schultz,3
232,Hear The Noise That Moves So Soft And Low,James Vincent McMorrow,3
233,Her Morning Elegance,Oren Lavie,3
234,Here I Am,Leona Lewis,3
235,Home,Michael Bubl??,3
236,Homesick,Kings Of Convenience,3
237,Honestly,Jo De La Rosa,3
238,How To Save A Life,The Fray,3
239,I Am Falling Now,Maximilian Hecker,3
240,I Believe In Love,Dixie Chicks,3
241,I Belong To Me,Jessica Simpson,3
242,I Bruise Easily,Natasha Bedingfield,3
243,I Don'T Want To Say Goodbye,Teddy Thompson,3
244,I Miss You,Darren Hayes,3
245,I Need My Girl,The National,3
246,I Need Some Sleep,Eels,3
247,I Was Only Joking,Rod Stewart,3
248,I Wonder (Departure),Abba,3
249,I'M Sorry That The Kitchen Is On Fire,Tamas Wells,3
250,I've Been In Love Before,Cutting Crew,3
251,I'Ve Never Been To Me,Charlene,3
252,imagine me without you,Jaci Velasquez,3
253,In My Secret Life,Leonard Cohen,3
254,In The Dark,Shelley Harland,3
255,In The Morning,Club 8,3
256,Inside,Bang Gang,3
257,Is There Somebody Who Can Watch You,The 1975,3
258,Jailcell Mind,Hayley Sales,3
259,"Jesus, Walk With Me",Club 8,3
260,Just Hold Me,Maria Mena,3
261,just like heaven,Katie Melua,3
262,Keep Walking or I'll Kill You,Agnes Kain,3
263,Killer On The Road,Oh Laura,3
264,Leave The Light On,Priscilla Ahn,3
265,Let It Rain,Olivia Ong,3
266,Life For Rent,Dido,3
267,Light Up the Sky,The Afters,3
268,Like A Star,Corinne Bailey Rae,3
269,Limit To Your Love,Feist,3
270,Little Girl In The World,?????,3
271,Little Love Caster,Laura Marling,3
272,Little Talks,Of Monsters and Men,3
273,Living In The Moment,Jason Mraz,3
274,Lonely Road,Everlast,3
275,Lost & Found,Lianne La Havas,3
276,Love In December,Club 8,3
277,Love Song For 1,Corrinne May,3
278,Love You So,Natalie,3
279,May It Be,Enya,3
280,Maybe I'Ll Go,Lene Marlin,3
281,Melt The Snow,Shayne Ward,3
282,Milk And Toast And Honey,Roxette,3
283,Miss You,coldrain,3
284,Mondo Bongo,Joe Strummer & The Mescaleros,3
285,Much Farther To Go,Rosie Thomas,3
286,My Love,Lene Marlin,3
287,My Place,Nelly,3
288,Never Know,Jack Johnson,3
289,Never Say Goodbye (Adapted From _Pavane_),Hayley Westenra,3
290,Not Going Anywhere,Keren Ann,3
291,Nothing But A Miracle,Diane Birch,3
292,Only Ones Who Know,Arctic Monkeys,3
293,Open,Rhye,3
294,Out From Under,Britney Spears,3
295,Over The Rainbow _ What A Wonderful World,Israel Kamakawiwo'ole,3
296,Over The Way,????,3
297,Paper Aeroplane,KT Tunstall,3
298,Parachute,Sean Lennon,3
299,Pinocchio Story (Freestyle Live Fr,Kanye West,3
300,9 Crimes,Damien Rice,4
301,A Different Kind Of Pain (Album Version),Cold,4
302,A Natural Disaster,Anathema,4
303,A Place Nearby,Lene Marlin,4
304,A Thousand Miles,Vanessa Carlton,4
305,Again And Again,Jewel,4
306,All I Ever Wanted,The Airborne Toxic Event,4
307,All Out Of Love,Air Supply,4
308,All Too Well,Taylor Swift,4
309,Almost Lover (Album Version),A Fine Frenzy,4
310,Alone (2000 Digital Remaster),Heart,4
311,Angel Of Mine,Monica,4
312,As Long As You Love Me,Backstreet Boys,4
313,Ashes And Wine,A Fine Frenzy,4
314,Back To December,Taylor Swift,4
315,Be Alright,Justin Bieber,4
316,Better Off Dead,anathema,4
317,Better Than A Hallelujah,AMY GRANT,4
318,Black & Blue,Chris Garneau,4
319,Blue Velvet,Lana Del Rey,4
320,Born To Die,Lana Del Rey,4
321,Brand New Me,Alicia Keys,4
322,Breathe Again,Sara Bareilles,4
323,Brick,Ben Folds Five,4
324,Broken,Jake Bugg,4
325,California Dreaming,North,4
326,Cancer,My Chemical Romance,4
327,Caving In,Kimya Dawson,4
328,Christmas In My Heart (Single Version),Sarah Connor,4
329,Christmas Lights,Coldplay,4
330,Cold As You,Taylor Swift,4
331,Cold Water,Damien Rice,4
332,Coldest Winter,Kanye West,4
333,Communication,The Cardigans,4
334,Cry,James Blunt,4
335,Death To Birth,Michael Pitt,4
336,Disguise,Lene Marlin,4
337,Do I Have To Cry For You,Nick Carter,4
338,Down,"Jason Walker,Molly Reed",4
339,"Drama, Love & 'Lationships",Babyface,4
340,Dreamer,Uh Huh Her,4
341,Dying,Hole,4
342,Dying In The Sun,The Cranberries,4
343,Elizabeth On The Bathroom Floor,Eels,4
344,England Made Me,Black Box Recorder,4
345,Even Heaven Cries,Monrose,4
346,Everything Will Flow,Suede,4
347,Eyepennies,Sparklehorse,4
348,Fire Burning,Sean Kingston,4
349,Flying,Anathema,4
350,Follow You Down To The Red Oak Tree,James Vincent McMorrow,4
351,Forever Young,Alphaville,4
352,Forget Her,Jeff Buckley,4
353,Forgotten Hopes,Anathema,4
354,Foundations,Kate Nash,4
355,God Is A Girl,Groove Coverage,4
356,Goodbye my lover,James blunt,4
357,Gravity,Sara Bareilles,4
358,Half Life,Imogen Heap,4
359,Hallelujah,Rufus Wainwright,4
360,Happily Never After,The Pussycat Dolls,4
361,Happiness,The Fray,4
362,Happy Xmas (War Is Over),The Moody Blues,4
363,Haunted,Radical Face,4
364,Haunted,Taylor Swift,4
365,Heaven,Beyonce,4
366,Here Come The Tears,Judas Priest,4
367,Here Comes A Regular,The Replacements,4
368,Here Without You,3 Doors Down,4
369,Hero,Mariah Carey,4
370,Holiday In Spain,Counting Crows,4
371,Home,Michael Bubl??,4
372,Hope There'S Someone,Antony & The Johnsons,4
373,How,regina spektor,4
374,How Could I,Marc Anthony,4
375,How To Fight  Loneliness,Wilco,4
376,Hurt,Christina Aguilera,4
377,Hurt,Johnny Cash,4
378,I Cry,Westlife,4
379,I Knew I Loved You,Savage Garden,4
380,I M Still Breathing,Katy Perry,4
381,I'M Ok,Christina Aguilera,4
382,If I Had a Boat,James Vincent McMorrow,4
383,If I Were A Boy,Beyonce,4
384,If This Was a Movie,Taylor Swift,4
385,In My Secret Life,Leonard Cohen,4
386,Innocent,Taylor Swift,4
387,Invisible,Taylor Swift,4
388,It Doesn't Have To Be Beautiful,Slow Club,4
389,It's All Okay,Julia Stone,4
390,Jar Of Hearts,Christina Perri,4
391,Kiss Me,Tom Waits,4
392,La Ballade Of Lady & Bird,Lady & Bird,4
393,Last Christmas,Taylor Swift,4
394,Last Goodbye,Ke$ha,4
395,Last Kiss,Taylor Swift,4
396,Let It Go,Demi Lovato,4
397,Letting Go,Jo De La Rosa,4
398,Life Is Wonderful,Jason Mraz,4
399,Lost Without You,Delta Goodrem,4